{
    "niter": 60084,
    "logz": -94714210949974.17,
    "logzerr": 1.1814194653572456,
    "logz_bs": -94714210949973.78,
    "logz_single": -94714210949974.17,
    "logzerr_tail": 0.40625,
    "logzerr_bs": 1.109375,
    "ess": 524.7234156045216,
    "H": -112715324390972.48,
    "Herr": 17030967246402.527,
    "posterior": {
        "mean": [
            15.255099722983829,
            16.13114318972393,
            0.7657705347809594,
            11.173172923418269
        ],
        "stdev": [
            3.087393043677344e-07,
            5.629041754345878e-07,
            5.562263810141697e-08,
            1.5506590314975257e-06
        ],
        "median": [
            15.255099709928619,
            16.13114317811432,
            0.7657705369668233,
            11.173172846023327
        ],
        "errlo": [
            15.255099402495892,
            16.131142617134877,
            0.7657704793081074,
            11.173171347254414
        ],
        "errup": [
            15.255100032086208,
            16.13114376779621,
            0.7657705838155119,
            11.173174591112641
        ],
        "information_gain_bits": [
            4.14647919764959,
            4.14647919764959,
            4.14647919764959,
            4.14647919764959
        ]
    },
    "maximum_likelihood": {
        "logl": -94714210949908.06,
        "point": [
            15.255099861765395,
            16.13114345136609,
            0.7657705610448557,
            11.173172538681342
        ],
        "point_untransformed": [
            0.45101997235307895,
            0.18852390856101467,
            0.6644264026121393,
            0.3724390846227114
        ]
    },
    "ncall": 187148,
    "paramnames": [
        "a_v",
        "a_s",
        "a_c",
        "a_a"
    ],
    "logzerr_single": NaN,
    "insertion_order_MWW_test": {
        "independent_iterations": Infinity,
        "converged": true
    }
}