{
    "niter": 131631,
    "logz": -32867630538671.14,
    "logzerr": 0.9012608491241936,
    "logz_bs": -32867633347105.957,
    "logz_single": -32867630538671.14,
    "logzerr_tail": 0.69140625,
    "logzerr_bs": 0.578125,
    "ess": 1.0,
    "H": 46.421875,
    "Herr": 0.11240230132764187,
    "posterior": {
        "mean": [
            14.811737823812882,
            15.000001820983194,
            0.706166623309869,
            13.880862540033169,
            7.427129151097521
        ],
        "stdev": [
            1.6074253039732866e-11,
            3.558398020686582e-11,
            8.213429936176908e-13,
            4.5131898218642164e-11,
            2.1755042212134867e-11
        ],
        "median": [
            14.811737823828956,
            15.000001821018778,
            0.7061666233106904,
            13.880862539988037,
            7.427129151119276
        ],
        "errlo": [
            14.811737823828956,
            15.000001821018778,
            0.7061666233106904,
            13.880862539988037,
            7.427129151119276
        ],
        "errup": [
            14.811737823828956,
            15.000001821018778,
            0.7061666233106904,
            13.880862539988037,
            7.427129151119276
        ],
        "information_gain_bits": [
            4.14647919764959,
            4.14647919764959,
            4.14647919764959,
            4.14647919764959,
            4.14647919764959
        ]
    },
    "maximum_likelihood": {
        "logl": -32867630538624.72,
        "point": [
            14.811737823828956,
            15.000001821018778,
            0.7061666233106904,
            13.880862539988037,
            7.427129151119276
        ],
        "point_untransformed": [
            0.36234756476579116,
            3.035031295935511e-07,
            0.515416558276726,
            0.46269541799960123,
            0.1856782287779819
        ]
    },
    "ncall": 544247,
    "paramnames": [
        "a_v",
        "a_s",
        "a_c",
        "a_a",
        "a_p"
    ],
    "logzerr_single": 0.1563915323168119,
    "insertion_order_MWW_test": {
        "independent_iterations": Infinity,
        "converged": true
    }
}